ID,STATE,DESTINATION,COUNTY/LOCATION DEFINED,SEASON BEGIN,SEASON END,Lodging Rate,M&IE,Effective Date
,,Standard CONUS rate applies to all counties not specifically listed. Cities not listed may be located in a listed county.,,,,$ 96,$ 59,"October 1, 2021"
1,AL,Birmingham,Jefferson,,,$ 113,$ 69,"October 1, 2021"
2,AL,Gulf Shores,Baldwin,October 1,February 28,$ 111,$ 69,"October 1, 2021"
2,AL,Gulf Shores,Baldwin,March 1,May 31,$ 136,$ 69,"October 1, 2021"
2,AL,Gulf Shores,Baldwin,June 1,July 31,$ 173,$ 69,"October 1, 2021"
2,AL,Gulf Shores,Baldwin,August 1,September 30,$ 111,$ 69,"October 1, 2021"
460,AL,Mobile,Mobile,October 1,December 31,$ 96,$ 59,"October 1, 2021"
460,AL,Mobile,Mobile,January 1,March 31,$ 105,$ 59,"October 1, 2021"
460,AL,Mobile,Mobile,April 1,September 30,$ 96,$ 59,"October 1, 2021"
6,AR,Hot Springs,Garland,,,$ 103,$ 64,"October 1, 2021"
9,AZ,Grand Canyon / Flagstaff,Coconino / Yavapai less the city of Sedona,October 1,October 31,$ 138,$ 74,"October 1, 2021"
9,AZ,Grand Canyon / Flagstaff,Coconino / Yavapai less the city of Sedona,November 1,February 28,$ 96,$ 74,"October 1, 2021"
9,AZ,Grand Canyon / Flagstaff,Coconino / Yavapai less the city of Sedona,March 1,April 30,$ 118,$ 74,"October 1, 2021"
9,AZ,Grand Canyon / Flagstaff,Coconino / Yavapai less the city of Sedona,May 1,September 30,$ 138,$ 74,"October 1, 2021"
8,AZ,Kayenta,Navajo,October 1,October 31,$ 134,$ 64,"October 1, 2021"
8,AZ,Kayenta,Navajo,November 1,February 28,$ 102,$ 64,"October 1, 2021"
8,AZ,Kayenta,Navajo,March 1,September 30,$ 134,$ 64,"October 1, 2021"
10,AZ,Phoenix / Scottsdale,Maricopa,October 1,May 31,$ 151,$ 69,"October 1, 2021"
10,AZ,Phoenix / Scottsdale,Maricopa,June 1,August 31,$ 96,$ 69,"October 1, 2021"
10,AZ,Phoenix / Scottsdale,Maricopa,September 1,September 30,$ 151,$ 69,"October 1, 2021"
11,AZ,Sedona,City Limits of Sedona,October 1,December 31,$ 180,$ 79,"October 1, 2021"
11,AZ,Sedona,City Limits of Sedona,January 1,February 28,$ 146,$ 79,"October 1, 2021"
11,AZ,Sedona,City Limits of Sedona,March 1,April 30,$ 220,$ 79,"October 1, 2021"
11,AZ,Sedona,City Limits of Sedona,May 1,August 31,$ 154,$ 79,"October 1, 2021"
11,AZ,Sedona,City Limits of Sedona,September 1,September 30,$ 180,$ 79,"October 1, 2021"
12,AZ,Tucson,Pima,October 1,December 31,$ 96,$ 64,"October 1, 2021"
12,AZ,Tucson,Pima,January 1,March 31,$ 133,$ 64,"October 1, 2021"
12,AZ,Tucson,Pima,April 1,September 30,$ 96,$ 64,"October 1, 2021"
14,CA,Antioch / Brentwood / Concord,Contra Costa,,,$ 165,$ 74,"October 1, 2021"
481,CA,Bakersfield / Ridgecrest,Kern,,,$ 116,$ 64,"October 1, 2021"
16,CA,Barstow / Ontario / Victorville,San Bernardino,,,$ 111,$ 64,"October 1, 2021"
20,CA,Death Valley,Inyo / NAWS China Lake,October 1,October 31,$ 130,$ 69,"October 1, 2021"
20,CA,Death Valley,Inyo / NAWS China Lake,November 1,January 31,$ 109,$ 69,"October 1, 2021"
20,CA,Death Valley,Inyo / NAWS China Lake,February 1,September 30,$ 130,$ 69,"October 1, 2021"
461,CA,Eureka / Arcata / McKinleyville,Humboldt,October 1,May 31,$ 101,$ 69,"October 1, 2021"
461,CA,Eureka / Arcata / McKinleyville,Humboldt,June 1,August 31,$ 129,$ 69,"October 1, 2021"
461,CA,Eureka / Arcata / McKinleyville,Humboldt,September 1,September 30,$ 101,$ 69,"October 1, 2021"
21,CA,Fresno,Fresno,,,$ 110,$ 69,"October 1, 2021"
22,CA,Los Angeles,Los Angeles / Orange / Ventura / Edwards AFB less the city of Santa Monica,October 1,October 31,$ 182,$ 74,"October 1, 2021"
22,CA,Los Angeles,Los Angeles / Orange / Ventura / Edwards AFB less the city of Santa Monica,November 1,December 31,$ 168,$ 74,"October 1, 2021"
22,CA,Los Angeles,Los Angeles / Orange / Ventura / Edwards AFB less the city of Santa Monica,January 1,September 30,$ 182,$ 74,"October 1, 2021"
23,CA,Mammoth Lakes,Mono,October 1,November 30,$ 126,$ 79,"October 1, 2021"
23,CA,Mammoth Lakes,Mono,December 1,April 30,$ 148,$ 79,"October 1, 2021"
23,CA,Mammoth Lakes,Mono,May 1,September 30,$ 126,$ 79,"October 1, 2021"
24,CA,Mill Valley / San Rafael / Novato,Marin,October 1,October 31,$ 189,$ 74,"October 1, 2021"
24,CA,Mill Valley / San Rafael / Novato,Marin,November 1,May 31,$ 166,$ 74,"October 1, 2021"
24,CA,Mill Valley / San Rafael / Novato,Marin,June 1,September 30,$ 189,$ 74,"October 1, 2021"
26,CA,Monterey,Monterey,October 1,May 31,$ 166,$ 74,"October 1, 2021"
26,CA,Monterey,Monterey,June 1,August 31,$ 240,$ 74,"October 1, 2021"
26,CA,Monterey,Monterey,September 1,September 30,$ 166,$ 74,"October 1, 2021"
27,CA,Napa,Napa,October 1,November 30,$ 213,$ 79,"October 1, 2021"
27,CA,Napa,Napa,December 1,March 31,$ 160,$ 79,"October 1, 2021"
27,CA,Napa,Napa,April 1,September 30,$ 213,$ 79,"October 1, 2021"
28,CA,Oakhurst,Madera ,October 1,April 30,$ 104,$ 69,"October 1, 2021"
28,CA,Oakhurst,Madera ,May 1,September 30,$ 137,$ 69,"October 1, 2021"
29,CA,Oakland,Alameda,,,$ 189,$ 74,"October 1, 2021"
30,CA,Palm Springs,Riverside,October 1,October 31,$ 114,$ 69,"October 1, 2021"
30,CA,Palm Springs,Riverside,November 1,April 30,$ 144,$ 69,"October 1, 2021"
30,CA,Palm Springs,Riverside,May 1,September 30,$ 114,$ 69,"October 1, 2021"
31,CA,Point Arena / Gualala,Mendocino,,,$ 129,$ 79,"October 1, 2021"
33,CA,Sacramento,Sacramento,,,$ 145,$ 69,"October 1, 2021"
34,CA,San Diego,San Diego,October 1,January 31,$ 161,$ 74,"October 1, 2021"
34,CA,San Diego,San Diego,February 1,July 31,$ 181,$ 74,"October 1, 2021"
34,CA,San Diego,San Diego,August 1,September 30,$ 161,$ 74,"October 1, 2021"
35,CA,San Francisco,San Francisco,October 1,December 31,$ 288,$ 79,"October 1, 2021"
35,CA,San Francisco,San Francisco,January 1,March 31,$ 333,$ 79,"October 1, 2021"
35,CA,San Francisco,San Francisco,April 1,August 31,$ 270,$ 79,"October 1, 2021"
35,CA,San Francisco,San Francisco,September 1,September 30,$ 288,$ 79,"October 1, 2021"
36,CA,San Luis Obispo,San Luis Obispo,,,$ 124,$ 74,"October 1, 2021"
37,CA,San Mateo / Foster City / Belmont,San Mateo,,,$ 222,$ 74,"October 1, 2021"
38,CA,Santa Barbara,Santa Barbara,October 1,June 30,$ 177,$ 74,"October 1, 2021"
38,CA,Santa Barbara,Santa Barbara,July 1,August 31,$ 228,$ 74,"October 1, 2021"
38,CA,Santa Barbara,Santa Barbara,September 1,September 30,$ 177,$ 74,"October 1, 2021"
39,CA,Santa Cruz,Santa Cruz,October 1,May 31,$ 128,$ 69,"October 1, 2021"
39,CA,Santa Cruz,Santa Cruz,June 1,August 31,$ 172,$ 69,"October 1, 2021"
39,CA,Santa Cruz,Santa Cruz,September 1,September 30,$ 128,$ 69,"October 1, 2021"
40,CA,Santa Monica ,City limits of Santa Monica,October 1,May 31,$ 239,$ 79,"October 1, 2021"
40,CA,Santa Monica ,City limits of Santa Monica,June 1,August 31,$ 284,$ 79,"October 1, 2021"
40,CA,Santa Monica ,City limits of Santa Monica,September 1,September 30,$ 239,$ 79,"October 1, 2021"
41,CA,Santa Rosa,Sonoma,,,$ 157,$ 74,"October 1, 2021"
42,CA,South Lake Tahoe,El Dorado,October 1,December 31,$ 135,$ 74,"October 1, 2021"
42,CA,South Lake Tahoe,El Dorado,January 1,June 30,$ 120,$ 74,"October 1, 2021"
42,CA,South Lake Tahoe,El Dorado,July 1,September 30,$ 135,$ 74,"October 1, 2021"
43,CA,Stockton ,San Joaquin,,,$ 140,$ 74,"October 1, 2021"
44,CA,Sunnyvale / Palo Alto / San Jose,Santa Clara,,,$ 245,$ 74,"October 1, 2021"
45,CA,Tahoe City,Placer,,,$ 124,$ 74,"October 1, 2021"
46,CA,Truckee,Nevada ,,,$ 126,$ 79,"October 1, 2021"
47,CA,Visalia,Tulare,,,$ 113,$ 69,"October 1, 2021"
48,CA,West Sacramento / Davis,Yolo,,,$ 133,$ 69,"October 1, 2021"
49,CA,Yosemite National Park,Mariposa,October 1,November 30,$ 120,$ 79,"October 1, 2021"
49,CA,Yosemite National Park,Mariposa,December 1,August 31,$ 136,$ 79,"October 1, 2021"
49,CA,Yosemite National Park,Mariposa,September 1,September 30,$ 120,$ 79,"October 1, 2021"
50,CO,Aspen,Pitkin,October 1,November 30,$ 188,$ 79,"October 1, 2021"
50,CO,Aspen,Pitkin,December 1,March 31,$ 375,$ 79,"October 1, 2021"
50,CO,Aspen,Pitkin,April 1,May 31,$ 147,$ 79,"October 1, 2021"
50,CO,Aspen,Pitkin,June 1,September 30,$ 188,$ 79,"October 1, 2021"
52,CO,Boulder / Broomfield,Boulder / Broomfield,October 1,April 30,$ 128,$ 69,"October 1, 2021"
52,CO,Boulder / Broomfield,Boulder / Broomfield,May 1,August 31,$ 160,$ 69,"October 1, 2021"
52,CO,Boulder / Broomfield,Boulder / Broomfield,September 1,September 30,$ 128,$ 69,"October 1, 2021"
53,CO,Colorado Springs,El Paso,October 1,May 31,$ 112,$ 69,"October 1, 2021"
53,CO,Colorado Springs,El Paso,June 1,August 31,$ 147,$ 69,"October 1, 2021"
53,CO,Colorado Springs,El Paso,September 1,September 30,$ 112,$ 69,"October 1, 2021"
54,CO,Cortez,Montezuma,October 1,May 31,$ 96,$ 64,"October 1, 2021"
54,CO,Cortez,Montezuma,June 1,September 30,$ 122,$ 64,"October 1, 2021"
55,CO,Crested Butte / Gunnison,Gunnison,October 1,November 30,$ 126,$ 74,"October 1, 2021"
55,CO,Crested Butte / Gunnison,Gunnison,December 1,March 31,$ 175,$ 74,"October 1, 2021"
55,CO,Crested Butte / Gunnison,Gunnison,April 1,May 31,$ 106,$ 74,"October 1, 2021"
55,CO,Crested Butte / Gunnison,Gunnison,June 1,September 30,$ 126,$ 74,"October 1, 2021"
56,CO,Denver / Aurora,Denver / Adams / Arapahoe / Jefferson,October 1,October 31,$ 199,$ 79,"October 1, 2021"
56,CO,Denver / Aurora,Denver / Adams / Arapahoe / Jefferson,November 1,December 31,$ 153,$ 79,"October 1, 2021"
56,CO,Denver / Aurora,Denver / Adams / Arapahoe / Jefferson,January 1,March 31,$ 162,$ 79,"October 1, 2021"
56,CO,Denver / Aurora,Denver / Adams / Arapahoe / Jefferson,April 1,September 30,$ 199,$ 79,"October 1, 2021"
427,CO,Douglas ,Douglas,October 1,May 31,$ 115,$ 69,"October 1, 2021"
427,CO,Douglas ,Douglas,June 1,August 31,$ 140,$ 69,"October 1, 2021"
427,CO,Douglas ,Douglas,September 1,September 30,$ 115,$ 69,"October 1, 2021"
57,CO,Durango,La Plata,October 1,May 31,$ 102,$ 74,"October 1, 2021"
57,CO,Durango,La Plata,June 1,September 30,$ 151,$ 74,"October 1, 2021"
58,CO,Fort Collins / Loveland,Larimer,,,$ 113,$ 69,"October 1, 2021"
493,CO,Grand Lake,Grand,October 1,November 30,$ 138,$ 79,"October 1, 2021"
493,CO,Grand Lake,Grand,December 1,March 31,$ 217,$ 79,"October 1, 2021"
493,CO,Grand Lake,Grand,April 1,May 31,$ 114,$ 79,"October 1, 2021"
493,CO,Grand Lake,Grand,June 1,September 30,$ 138,$ 79,"October 1, 2021"
61,CO,Montrose,Montrose,October 1,May 31,$ 99,$ 69,"October 1, 2021"
61,CO,Montrose,Montrose,June 1,August 31,$ 113,$ 69,"October 1, 2021"
61,CO,Montrose,Montrose,September 1,September 30,$ 99,$ 69,"October 1, 2021"
63,CO,Silverthorne / Breckenridge,Summit,October 1,November 30,$ 152,$ 79,"October 1, 2021"
63,CO,Silverthorne / Breckenridge,Summit,December 1,March 31,$ 250,$ 79,"October 1, 2021"
63,CO,Silverthorne / Breckenridge,Summit,April 1,May 31,$ 119,$ 79,"October 1, 2021"
63,CO,Silverthorne / Breckenridge,Summit,June 1,September 30,$ 152,$ 79,"October 1, 2021"
64,CO,Steamboat Springs,Routt,October 1,November 30,$ 115,$ 79,"October 1, 2021"
64,CO,Steamboat Springs,Routt,December 1,March 31,$ 129,$ 79,"October 1, 2021"
64,CO,Steamboat Springs,Routt,April 1,May 31,$ 96,$ 79,"October 1, 2021"
64,CO,Steamboat Springs,Routt,June 1,September 30,$ 115,$ 79,"October 1, 2021"
65,CO,Telluride,San Miguel,October 1,November 30,$ 197,$ 79,"October 1, 2021"
65,CO,Telluride,San Miguel,December 1,March 31,$ 418,$ 79,"October 1, 2021"
65,CO,Telluride,San Miguel,April 1,September 30,$ 197,$ 79,"October 1, 2021"
66,CO,Vail,Eagle,October 1,November 30,$ 179,$ 79,"October 1, 2021"
66,CO,Vail,Eagle,December 1,March 31,$ 397,$ 79,"October 1, 2021"
66,CO,Vail,Eagle,April 1,September 30,$ 179,$ 79,"October 1, 2021"
67,CT,Bridgeport / Danbury,Fairfield,,,$ 125,$ 69,"October 1, 2021"
68,CT,Cromwell / Old Saybrook,Middlesex,,,$ 97,$ 64,"October 1, 2021"
69,CT,Hartford,Hartford,,,$ 132,$ 69,"October 1, 2021"
71,CT,New Haven,New Haven,,,$ 114,$ 69,"October 1, 2021"
72,CT,New London / Groton,New London,,,$ 104,$ 69,"October 1, 2021"
75,DC,District of Columbia,"Washington DC (also the cities of Alexandria, Falls Church and Fairfax, and the counties of Arlington and Fairfax, in Virginia; and the counties of Montgomery and Prince George's in Maryland)",October 1,October 31,$ 257,$ 79,"October 1, 2021"
75,DC,District of Columbia,"Washington DC (also the cities of Alexandria, Falls Church and Fairfax, and the counties of Arlington and Fairfax, in Virginia; and the counties of Montgomery and Prince George's in Maryland)",November 1,February 28,$ 188,$ 79,"October 1, 2021"
75,DC,District of Columbia,"Washington DC (also the cities of Alexandria, Falls Church and Fairfax, and the counties of Arlington and Fairfax, in Virginia; and the counties of Montgomery and Prince George's in Maryland)",March 1,June 30,$ 258,$ 79,"October 1, 2021"
75,DC,District of Columbia,"Washington DC (also the cities of Alexandria, Falls Church and Fairfax, and the counties of Arlington and Fairfax, in Virginia; and the counties of Montgomery and Prince George's in Maryland)",July 1,August 31,$ 172,$ 79,"October 1, 2021"
75,DC,District of Columbia,"Washington DC (also the cities of Alexandria, Falls Church and Fairfax, and the counties of Arlington and Fairfax, in Virginia; and the counties of Montgomery and Prince George's in Maryland)",September 1,September 30,$ 257,$ 79,"October 1, 2021"
77,DE,Lewes,Sussex,October 1,April 30,$ 96,$ 64,"October 1, 2021"
77,DE,Lewes,Sussex,May 1,June 30,$ 138,$ 64,"October 1, 2021"
77,DE,Lewes,Sussex,July 1,August 31,$ 200,$ 64,"October 1, 2021"
77,DE,Lewes,Sussex,September 1,September 30,$ 96,$ 64,"October 1, 2021"
78,DE,Wilmington,New Castle,,,$ 131,$ 64,"October 1, 2021"
99,FL,Boca Raton / Delray Beach / Jupiter,Palm Beach / Hendry,October 1,November 30,$ 121,$ 69,"October 1, 2021"
99,FL,Boca Raton / Delray Beach / Jupiter,Palm Beach / Hendry,December 1,April 30,$ 205,$ 69,"October 1, 2021"
99,FL,Boca Raton / Delray Beach / Jupiter,Palm Beach / Hendry,May 1,September 30,$ 121,$ 69,"October 1, 2021"
80,FL,Bradenton,Manatee,October 1,November 30,$ 96,$ 64,"October 1, 2021"
80,FL,Bradenton,Manatee,December 1,January 31,$ 111,$ 64,"October 1, 2021"
80,FL,Bradenton,Manatee,February 1,March 31,$ 150,$ 64,"October 1, 2021"
80,FL,Bradenton,Manatee,April 1,September 30,$ 96,$ 64,"October 1, 2021"
81,FL,Cocoa Beach,Brevard,October 1,January 31,$ 141,$ 74,"October 1, 2021"
81,FL,Cocoa Beach,Brevard,February 1,March 31,$ 171,$ 74,"October 1, 2021"
81,FL,Cocoa Beach,Brevard,April 1,September 30,$ 141,$ 74,"October 1, 2021"
82,FL,Daytona Beach,Volusia,October 1,January 31,$ 96,$ 69,"October 1, 2021"
82,FL,Daytona Beach,Volusia,February 1,March 31,$ 130,$ 69,"October 1, 2021"
82,FL,Daytona Beach,Volusia,April 1,July 31,$ 114,$ 69,"October 1, 2021"
82,FL,Daytona Beach,Volusia,August 1,September 30,$ 96,$ 69,"October 1, 2021"
84,FL,Fort Lauderdale,Broward,October 1,December 31,$ 151,$ 69,"October 1, 2021"
84,FL,Fort Lauderdale,Broward,January 1,April 30,$ 204,$ 69,"October 1, 2021"
84,FL,Fort Lauderdale,Broward,May 1,September 30,$ 123,$ 69,"October 1, 2021"
85,FL,Fort Myers,Lee,October 1,January 31,$ 117,$ 64,"October 1, 2021"
85,FL,Fort Myers,Lee,February 1,March 31,$ 208,$ 64,"October 1, 2021"
85,FL,Fort Myers,Lee,April 1,September 30,$ 117,$ 64,"October 1, 2021"
83,FL,Fort Walton Beach / De Funiak Springs,Okaloosa / Walton,October 1,October 31,$ 142,$ 69,"October 1, 2021"
83,FL,Fort Walton Beach / De Funiak Springs,Okaloosa / Walton,November 1,February 28,$ 96,$ 69,"October 1, 2021"
83,FL,Fort Walton Beach / De Funiak Springs,Okaloosa / Walton,March 1,May 31,$ 166,$ 69,"October 1, 2021"
83,FL,Fort Walton Beach / De Funiak Springs,Okaloosa / Walton,June 1,July 31,$ 238,$ 69,"October 1, 2021"
83,FL,Fort Walton Beach / De Funiak Springs,Okaloosa / Walton,August 1,September 30,$ 142,$ 69,"October 1, 2021"
89,FL,Gulf Breeze,Santa Rosa,October 1,February 28,$ 100,$ 59,"October 1, 2021"
89,FL,Gulf Breeze,Santa Rosa,March 1,May 31,$ 129,$ 59,"October 1, 2021"
89,FL,Gulf Breeze,Santa Rosa,June 1,July 31,$ 177,$ 59,"October 1, 2021"
89,FL,Gulf Breeze,Santa Rosa,August 1,September 30,$ 100,$ 59,"October 1, 2021"
91,FL,Key West,Monroe,October 1,November 30,$ 207,$ 69,"October 1, 2021"
91,FL,Key West,Monroe,December 1,April 30,$ 304,$ 69,"October 1, 2021"
91,FL,Key West,Monroe,May 1,July 31,$ 208,$ 69,"October 1, 2021"
91,FL,Key West,Monroe,August 1,September 30,$ 172,$ 69,"October 1, 2021"
95,FL,Miami,Miami-Dade,October 1,November 30,$ 127,$ 69,"October 1, 2021"
95,FL,Miami,Miami-Dade,December 1,March 31,$ 192,$ 69,"October 1, 2021"
95,FL,Miami,Miami-Dade,April 1,May 31,$ 150,$ 69,"October 1, 2021"
95,FL,Miami,Miami-Dade,June 1,September 30,$ 115,$ 69,"October 1, 2021"
96,FL,Naples,Collier,October 1,November 30,$ 121,$ 69,"October 1, 2021"
96,FL,Naples,Collier,December 1,January 31,$ 194,$ 69,"October 1, 2021"
96,FL,Naples,Collier,February 1,April 30,$ 235,$ 69,"October 1, 2021"
96,FL,Naples,Collier,May 1,September 30,$ 121,$ 69,"October 1, 2021"
98,FL,Orlando,Orange,October 1,December 31,$ 129,$ 69,"October 1, 2021"
98,FL,Orlando,Orange,January 1,March 31,$ 153,$ 69,"October 1, 2021"
98,FL,Orlando,Orange,April 1,September 30,$ 129,$ 69,"October 1, 2021"
100,FL,Panama City,Bay,October 1,February 28,$ 146,$ 64,"October 1, 2021"
100,FL,Panama City,Bay,March 1,May 31,$ 165,$ 64,"October 1, 2021"
100,FL,Panama City,Bay,June 1,September 30,$ 146,$ 64,"October 1, 2021"
101,FL,Pensacola ,Escambia,October 1,February 28,$ 109,$ 64,"October 1, 2021"
101,FL,Pensacola ,Escambia,March 1,May 31,$ 134,$ 64,"October 1, 2021"
101,FL,Pensacola ,Escambia,June 1,July 31,$ 170,$ 64,"October 1, 2021"
101,FL,Pensacola ,Escambia,August 1,September 30,$ 109,$ 64,"October 1, 2021"
102,FL,Punta Gorda,Charlotte,October 1,January 31,$ 96,$ 64,"October 1, 2021"
102,FL,Punta Gorda,Charlotte,February 1,March 31,$ 163,$ 64,"October 1, 2021"
102,FL,Punta Gorda,Charlotte,April 1,September 30,$ 96,$ 64,"October 1, 2021"
103,FL,Sarasota,Sarasota,October 1,January 31,$ 103,$ 69,"October 1, 2021"
103,FL,Sarasota,Sarasota,February 1,April 30,$ 154,$ 69,"October 1, 2021"
103,FL,Sarasota,Sarasota,May 1,September 30,$ 103,$ 69,"October 1, 2021"
104,FL,Sebring,Highlands,October 1,January 31,$ 96,$ 64,"October 1, 2021"
104,FL,Sebring,Highlands,February 1,March 31,$ 159,$ 64,"October 1, 2021"
104,FL,Sebring,Highlands,April 1,September 30,$ 96,$ 64,"October 1, 2021"
105,FL,St. Augustine,St. Johns,,,$ 133,$ 69,"October 1, 2021"
106,FL,Stuart,Martin,October 1,January 31,$ 111,$ 69,"October 1, 2021"
106,FL,Stuart,Martin,February 1,March 31,$ 169,$ 69,"October 1, 2021"
106,FL,Stuart,Martin,April 1,September 30,$ 111,$ 69,"October 1, 2021"
107,FL,Tallahassee,Leon,October 1,December 31,$ 111,$ 64,"October 1, 2021"
107,FL,Tallahassee,Leon,January 1,March 31,$ 148,$ 64,"October 1, 2021"
107,FL,Tallahassee,Leon,April 1,September 30,$ 111,$ 64,"October 1, 2021"
108,FL,Tampa / St. Petersburg,Pinellas / Hillsborough,October 1,December 31,$ 124,$ 69,"October 1, 2021"
108,FL,Tampa / St. Petersburg,Pinellas / Hillsborough,January 1,April 30,$ 163,$ 69,"October 1, 2021"
108,FL,Tampa / St. Petersburg,Pinellas / Hillsborough,May 1,September 30,$ 124,$ 69,"October 1, 2021"
109,FL,Vero Beach,Indian River,October 1,November 30,$ 131,$ 69,"October 1, 2021"
109,FL,Vero Beach,Indian River,December 1,April 30,$ 188,$ 69,"October 1, 2021"
109,FL,Vero Beach,Indian River,May 1,September 30,$ 131,$ 69,"October 1, 2021"
110,GA,Athens,Clarke,,,$ 107,$ 59,"October 1, 2021"
111,GA,Atlanta,Fulton / Dekalb,,,$ 163,$ 74,"October 1, 2021"
413,GA,Augusta,Richmond,,,$ 107,$ 59,"October 1, 2021"
115,GA,Jekyll Island / Brunswick,Glynn,October 1,February 28,$ 143,$ 79,"October 1, 2021"
115,GA,Jekyll Island / Brunswick,Glynn,March 1,July 31,$ 190,$ 79,"October 1, 2021"
115,GA,Jekyll Island / Brunswick,Glynn,August 1,September 30,$ 143,$ 79,"October 1, 2021"
494,GA,Marietta,Cobb,,,$ 121,$ 64,"October 1, 2021"
116,GA,Savannah,Chatham,October 1,February 28,$ 120,$ 69,"October 1, 2021"
116,GA,Savannah,Chatham,March 1,April 30,$ 138,$ 69,"October 1, 2021"
116,GA,Savannah,Chatham,May 1,September 30,$ 120,$ 69,"October 1, 2021"
476,IA,Dallas,Dallas,October 1,December 31,$ 105,$ 69,"October 1, 2021"
476,IA,Dallas,Dallas,January 1,August 31,$ 111,$ 69,"October 1, 2021"
476,IA,Dallas,Dallas,September 1,September 30,$ 105,$ 69,"October 1, 2021"
118,IA,Des Moines,Polk,,,$ 111,$ 64,"October 1, 2021"
495,ID,Boise,Ada,,,$ 147,$ 74,"October 1, 2021"
120,ID,Coeur d'Alene,Kootenai,October 1,May 31,$ 96,$ 64,"October 1, 2021"
120,ID,Coeur d'Alene,Kootenai,June 1,August 31,$ 146,$ 64,"October 1, 2021"
120,ID,Coeur d'Alene,Kootenai,September 1,September 30,$ 96,$ 64,"October 1, 2021"
122,ID,Sun Valley / Ketchum,Blaine / Elmore,October 1,May 31,$ 108,$ 74,"October 1, 2021"
122,ID,Sun Valley / Ketchum,Blaine / Elmore,June 1,September 30,$ 138,$ 74,"October 1, 2021"
422,IL,Bolingbrook / Romeoville / Lemont,Will,,,$ 105,$ 64,"October 1, 2021"
123,IL,Chicago,Cook / Lake,October 1,November 30,$ 218,$ 79,"October 1, 2021"
123,IL,Chicago,Cook / Lake,December 1,March 31,$ 134,$ 79,"October 1, 2021"
123,IL,Chicago,Cook / Lake,April 1,June 30,$ 216,$ 79,"October 1, 2021"
123,IL,Chicago,Cook / Lake,July 1,August 31,$ 187,$ 79,"October 1, 2021"
123,IL,Chicago,Cook / Lake,September 1,September 30,$ 218,$ 79,"October 1, 2021"
462,IL,East St. Louis / O'Fallon / Fairview Heights,St. Clair,,,$ 141,$ 64,"October 1, 2021"
124,IL,Oak Brook Terrace,DuPage,,,$ 114,$ 64,"October 1, 2021"
127,IN,Bloomington ,Monroe,October 1,April 30,$ 96,$ 64,"October 1, 2021"
127,IN,Bloomington ,Monroe,May 1,August 31,$ 106,$ 64,"October 1, 2021"
127,IN,Bloomington ,Monroe,September 1,September 30,$ 96,$ 64,"October 1, 2021"
129,IN,Ft. Wayne,Allen,,,$ 108,$ 64,"October 1, 2021"
414,IN,Hammond / Munster / Merrillville,Lake,,,$ 102,$ 64,"October 1, 2021"
130,IN,Indianapolis / Carmel,Marion / Hamilton,,,$ 127,$ 69,"October 1, 2021"
131,IN,Lafayette / West Lafayette,Tippecanoe,October 1,July 31,$ 100,$ 64,"October 1, 2021"
131,IN,Lafayette / West Lafayette,Tippecanoe,August 1,September 30,$ 118,$ 64,"October 1, 2021"
137,KS,Kansas City / Overland Park,Wyandotte / Johnson / Leavenworth,,,$ 123,$ 64,"October 1, 2021"
138,KS,Wichita,Sedgwick,,,$ 103,$ 64,"October 1, 2021"
139,KY,Boone,Boone,,,$ 114,$ 64,"October 1, 2021"
436,KY,Kenton,Kenton,,,$ 151,$ 74,"October 1, 2021"
140,KY,Lexington,Fayette,,,$ 110,$ 64,"October 1, 2021"
141,KY,Louisville,Jefferson,October 1,October 31,$ 131,$ 64,"October 1, 2021"
141,KY,Louisville,Jefferson,November 1,January 31,$ 113,$ 64,"October 1, 2021"
141,KY,Louisville,Jefferson,February 1,May 31,$ 139,$ 64,"October 1, 2021"
141,KY,Louisville,Jefferson,June 1,September 30,$ 131,$ 64,"October 1, 2021"
478,LA,Alexandria / Leesville / Natchitoches,Allen / Jefferson Davis / Natchitoches / Rapides / Vernon Parishes,,,$ 99,$ 64,"October 1, 2021"
142,LA,Baton Rouge,East Baton Rouge Parish,,,$ 99,$ 69,"October 1, 2021"
144,LA,New Orleans,Orleans / Jefferson Parishes,October 1,December 31,$ 136,$ 74,"October 1, 2021"
144,LA,New Orleans,Orleans / Jefferson Parishes,January 1,May 31,$ 158,$ 74,"October 1, 2021"
144,LA,New Orleans,Orleans / Jefferson Parishes,June 1,September 30,$ 136,$ 74,"October 1, 2021"
147,MA,Andover,Essex,,,$ 123,$ 64,"October 1, 2021"
148,MA,Boston / Cambridge,"Suffolk, city of Cambridge",October 1,October 31,$ 309,$ 79,"October 1, 2021"
148,MA,Boston / Cambridge,"Suffolk, city of Cambridge",November 1,February 28,$ 185,$ 79,"October 1, 2021"
148,MA,Boston / Cambridge,"Suffolk, city of Cambridge",March 1,June 30,$ 281,$ 79,"October 1, 2021"
148,MA,Boston / Cambridge,"Suffolk, city of Cambridge",July 1,August 31,$ 264,$ 79,"October 1, 2021"
148,MA,Boston / Cambridge,"Suffolk, city of Cambridge",September 1,September 30,$ 309,$ 79,"October 1, 2021"
149,MA,Burlington / Woburn,Middlesex less the city of Cambridge,October 1,October 31,$ 168,$ 69,"October 1, 2021"
149,MA,Burlington / Woburn,Middlesex less the city of Cambridge,November 1,April 30,$ 142,$ 69,"October 1, 2021"
149,MA,Burlington / Woburn,Middlesex less the city of Cambridge,May 1,September 30,$ 168,$ 69,"October 1, 2021"
150,MA,Falmouth,City limits of Falmouth,October 1,April 30,$ 134,$ 69,"October 1, 2021"
150,MA,Falmouth,City limits of Falmouth,May 1,June 30,$ 171,$ 69,"October 1, 2021"
150,MA,Falmouth,City limits of Falmouth,July 1,August 31,$ 273,$ 69,"October 1, 2021"
150,MA,Falmouth,City limits of Falmouth,September 1,September 30,$ 134,$ 69,"October 1, 2021"
151,MA,Hyannis,Barnstable less the city of Falmouth,October 1,June 30,$ 114,$ 69,"October 1, 2021"
151,MA,Hyannis,Barnstable less the city of Falmouth,July 1,August 31,$ 197,$ 69,"October 1, 2021"
151,MA,Hyannis,Barnstable less the city of Falmouth,September 1,September 30,$ 114,$ 69,"October 1, 2021"
152,MA,Martha's Vineyard,Dukes,October 1,May 31,$ 158,$ 79,"October 1, 2021"
152,MA,Martha's Vineyard,Dukes,June 1,September 30,$ 340,$ 79,"October 1, 2021"
153,MA,Nantucket,Nantucket,October 1,May 31,$ 163,$ 79,"October 1, 2021"
153,MA,Nantucket,Nantucket,June 1,September 30,$ 354,$ 79,"October 1, 2021"
154,MA,Northampton,Hampshire,,,$ 122,$ 69,"October 1, 2021"
155,MA,Pittsfield,Berkshire,October 1,May 31,$ 118,$ 64,"October 1, 2021"
155,MA,Pittsfield,Berkshire,June 1,August 31,$ 154,$ 64,"October 1, 2021"
155,MA,Pittsfield,Berkshire,September 1,September 30,$ 118,$ 64,"October 1, 2021"
156,MA,Plymouth / Taunton / New Bedford,Plymouth / Bristol,,,$ 113,$ 69,"October 1, 2021"
157,MA,Quincy,Norfolk,,,$ 150,$ 69,"October 1, 2021"
158,MA,Springfield,Hampden,,,$ 115,$ 64,"October 1, 2021"
160,MA,Worcester,Worcester,,,$ 125,$ 69,"October 1, 2021"
161,MD,Aberdeen / Bel Air / Belcamp,Harford,,,$ 104,$ 64,"October 1, 2021"
162,MD,Annapolis,Anne Arundel,October 1,October 31,$ 133,$ 69,"October 1, 2021"
162,MD,Annapolis,Anne Arundel,November 1,April 30,$ 106,$ 69,"October 1, 2021"
162,MD,Annapolis,Anne Arundel,May 1,September 30,$ 133,$ 69,"October 1, 2021"
163,MD,Baltimore City,Baltimore City,October 1,February 28,$ 137,$ 69,"October 1, 2021"
163,MD,Baltimore City,Baltimore City,March 1,June 30,$ 151,$ 69,"October 1, 2021"
163,MD,Baltimore City,Baltimore City,July 1,September 30,$ 137,$ 69,"October 1, 2021"
429,MD,Baltimore County,Baltimore,,,$ 101,$ 64,"October 1, 2021"
164,MD,Cambridge / St. Michaels,Dorchester / Talbot,October 1,May 31,$ 121,$ 64,"October 1, 2021"
164,MD,Cambridge / St. Michaels,Dorchester / Talbot,June 1,August 31,$ 161,$ 64,"October 1, 2021"
164,MD,Cambridge / St. Michaels,Dorchester / Talbot,September 1,September 30,$ 121,$ 64,"October 1, 2021"
473,MD,Centreville,Queen Anne,,,$ 119,$ 64,"October 1, 2021"
165,MD,Columbia,Howard,,,$ 106,$ 69,"October 1, 2021"
166,MD,Frederick,Frederick,,,$ 100,$ 64,"October 1, 2021"
170,MD,Ocean City,Worcester,October 1,June 30,$ 106,$ 69,"October 1, 2021"
170,MD,Ocean City,Worcester,July 1,August 31,$ 256,$ 69,"October 1, 2021"
170,MD,Ocean City,Worcester,September 1,September 30,$ 106,$ 69,"October 1, 2021"
171,ME,Bar Harbor / Rockport,Hancock / Knox,October 1,October 31,$ 166,$ 74,"October 1, 2021"
171,ME,Bar Harbor / Rockport,Hancock / Knox,November 1,June 30,$ 124,$ 74,"October 1, 2021"
171,ME,Bar Harbor / Rockport,Hancock / Knox,July 1,August 31,$ 209,$ 74,"October 1, 2021"
171,ME,Bar Harbor / Rockport,Hancock / Knox,September 1,September 30,$ 166,$ 74,"October 1, 2021"
172,ME,Kennebunk / Kittery / Sanford,York ,October 1,October 31,$ 131,$ 69,"October 1, 2021"
172,ME,Kennebunk / Kittery / Sanford,York ,November 1,June 30,$ 103,$ 69,"October 1, 2021"
172,ME,Kennebunk / Kittery / Sanford,York ,July 1,August 31,$ 200,$ 69,"October 1, 2021"
172,ME,Kennebunk / Kittery / Sanford,York ,September 1,September 30,$ 131,$ 69,"October 1, 2021"
173,ME,Portland,Cumberland / Sagadahoc,October 1,October 31,$ 149,$ 64,"October 1, 2021"
173,ME,Portland,Cumberland / Sagadahoc,November 1,June 30,$ 110,$ 64,"October 1, 2021"
173,ME,Portland,Cumberland / Sagadahoc,July 1,August 31,$ 176,$ 64,"October 1, 2021"
173,ME,Portland,Cumberland / Sagadahoc,September 1,September 30,$ 149,$ 64,"October 1, 2021"
175,MI,Ann Arbor,Washtenaw,October 1,April 30,$ 118,$ 69,"October 1, 2021"
175,MI,Ann Arbor,Washtenaw,May 1,August 31,$ 134,$ 69,"October 1, 2021"
175,MI,Ann Arbor,Washtenaw,September 1,September 30,$ 118,$ 69,"October 1, 2021"
178,MI,Detroit,Wayne,,,$ 133,$ 64,"October 1, 2021"
179,MI,East Lansing / Lansing,Ingham / Eaton,,,$ 106,$ 64,"October 1, 2021"
183,MI,Grand Rapids,Kent,,,$ 114,$ 64,"October 1, 2021"
184,MI,Holland,Ottawa,October 1,April 30,$ 116,$ 64,"October 1, 2021"
184,MI,Holland,Ottawa,May 1,June 30,$ 122,$ 64,"October 1, 2021"
184,MI,Holland,Ottawa,July 1,September 30,$ 116,$ 64,"October 1, 2021"
185,MI,Kalamazoo / Battle Creek ,Kalamazoo / Calhoun,,,$ 104,$ 64,"October 1, 2021"
187,MI,Mackinac Island,Mackinac,October 1,June 30,$ 96,$ 74,"October 1, 2021"
187,MI,Mackinac Island,Mackinac,July 1,August 31,$ 134,$ 74,"October 1, 2021"
187,MI,Mackinac Island,Mackinac,September 1,September 30,$ 96,$ 74,"October 1, 2021"
188,MI,Midland,Midland,,,$ 119,$ 59,"October 1, 2021"
190,MI,Muskegon,Muskegon,October 1,May 31,$ 96,$ 64,"October 1, 2021"
190,MI,Muskegon,Muskegon,June 1,August 31,$ 126,$ 64,"October 1, 2021"
190,MI,Muskegon,Muskegon,September 1,September 30,$ 96,$ 64,"October 1, 2021"
192,MI,Petoskey,Emmet,October 1,June 30,$ 110,$ 64,"October 1, 2021"
192,MI,Petoskey,Emmet,July 1,August 31,$ 203,$ 64,"October 1, 2021"
192,MI,Petoskey,Emmet,September 1,September 30,$ 110,$ 64,"October 1, 2021"
193,MI,Pontiac / Auburn Hills ,Oakland,,,$ 117,$ 64,"October 1, 2021"
195,MI,South Haven,Van Buren,October 1,May 31,$ 96,$ 64,"October 1, 2021"
195,MI,South Haven,Van Buren,June 1,August 31,$ 115,$ 64,"October 1, 2021"
195,MI,South Haven,Van Buren,September 1,September 30,$ 96,$ 64,"October 1, 2021"
196,MI,Traverse City,Grand Traverse,October 1,June 30,$ 110,$ 64,"October 1, 2021"
196,MI,Traverse City,Grand Traverse,July 1,August 31,$ 195,$ 64,"October 1, 2021"
196,MI,Traverse City,Grand Traverse,September 1,September 30,$ 110,$ 64,"October 1, 2021"
199,MN,Duluth,St. Louis,October 1,October 31,$ 165,$ 79,"October 1, 2021"
199,MN,Duluth,St. Louis,November 1,May 31,$ 121,$ 79,"October 1, 2021"
199,MN,Duluth,St. Louis,June 1,September 30,$ 165,$ 79,"October 1, 2021"
200,MN,Eagan / Burnsville / Mendota Heights,Dakota,,,$ 100,$ 69,"October 1, 2021"
201,MN,Minneapolis / St. Paul,Hennepin / Ramsey,,,$ 148,$ 79,"October 1, 2021"
202,MN,Rochester,Olmsted,,,$ 133,$ 64,"October 1, 2021"
204,MO,Kansas City,Jackson / Clay / Cass / Platte,,,$ 123,$ 64,"October 1, 2021"
207,MO,St. Louis,St. Louis / St. Louis City / St. Charles,,,$ 141,$ 64,"October 1, 2021"
477,MS,Oxford,Lafayette,,,$ 99,$ 64,"October 1, 2021"
447,MS,Southaven,Desoto,,,$ 109,$ 59,"October 1, 2021"
211,MS,Starkville ,Oktibbeha,,,$ 103,$ 64,"October 1, 2021"
215,MT,Big Sky / West Yellowstone/Gardiner,Gallatin/Park,October 1,May 31,$ 124,$ 79,"October 1, 2021"
215,MT,Big Sky / West Yellowstone/Gardiner,Gallatin/Park,June 1,September 30,$ 241,$ 79,"October 1, 2021"
426,MT,Helena,Lewis and Clark,,,$ 103,$ 64,"October 1, 2021"
496,MT,Kalispell/Whitefish,Flathead,October 1,June 30,$ 96,$ 64,"October 1, 2021"
496,MT,Kalispell/Whitefish,Flathead,July 1,August 31,$ 177,$ 64,"October 1, 2021"
496,MT,Kalispell/Whitefish,Flathead,September 1,September 30,$ 96,$ 64,"October 1, 2021"
213,MT,Missoula,Missoula,October 1,May 31,$ 96,$ 69,"October 1, 2021"
213,MT,Missoula,Missoula,June 1,September 30,$ 131,$ 69,"October 1, 2021"
216,NC,Asheville ,Buncombe,October 1,December 31,$ 120,$ 64,"October 1, 2021"
216,NC,Asheville ,Buncombe,January 1,March 31,$ 97,$ 64,"October 1, 2021"
216,NC,Asheville ,Buncombe,April 1,September 30,$ 120,$ 64,"October 1, 2021"
217,NC,Atlantic Beach / Morehead City,Carteret,October 1,February 28,$ 100,$ 64,"October 1, 2021"
217,NC,Atlantic Beach / Morehead City,Carteret,March 1,August 31,$ 132,$ 64,"October 1, 2021"
217,NC,Atlantic Beach / Morehead City,Carteret,September 1,September 30,$ 100,$ 64,"October 1, 2021"
218,NC,Chapel Hill,Orange,,,$ 111,$ 74,"October 1, 2021"
219,NC,Charlotte,Mecklenburg,,,$ 129,$ 69,"October 1, 2021"
221,NC,Durham,Durham,,,$ 115,$ 64,"October 1, 2021"
464,NC,Fayetteville,Cumberland,,,$ 109,$ 64,"October 1, 2021"
222,NC,Greensboro,Guilford,October 1,April 30,$ 112,$ 64,"October 1, 2021"
222,NC,Greensboro,Guilford,May 1,September 30,$ 103,$ 64,"October 1, 2021"
224,NC,Kill Devil Hills,Dare,October 1,March 31,$ 96,$ 74,"October 1, 2021"
224,NC,Kill Devil Hills,Dare,April 1,September 30,$ 151,$ 74,"October 1, 2021"
227,NC,Raleigh,Wake,,,$ 123,$ 64,"October 1, 2021"
229,NC,Wilmington,New Hanover,,,$ 119,$ 59,"October 1, 2021"
231,NE,Omaha,Douglas,,,$ 110,$ 64,"October 1, 2021"
232,NH,Concord,Merrimack,,,$ 111,$ 64,"October 1, 2021"
233,NH,Conway,Caroll,October 1,February 28,$ 132,$ 69,"October 1, 2021"
233,NH,Conway,Caroll,March 1,June 30,$ 116,$ 69,"October 1, 2021"
233,NH,Conway,Caroll,July 1,August 31,$ 155,$ 69,"October 1, 2021"
233,NH,Conway,Caroll,September 1,September 30,$ 132,$ 69,"October 1, 2021"
234,NH,Durham,Strafford,October 1,June 30,$ 110,$ 59,"October 1, 2021"
234,NH,Durham,Strafford,July 1,August 31,$ 137,$ 59,"October 1, 2021"
234,NH,Durham,Strafford,September 1,September 30,$ 110,$ 59,"October 1, 2021"
235,NH,Laconia,Belknap,October 1,October 31,$ 149,$ 64,"October 1, 2021"
235,NH,Laconia,Belknap,November 1,May 31,$ 122,$ 64,"October 1, 2021"
235,NH,Laconia,Belknap,June 1,September 30,$ 149,$ 64,"October 1, 2021"
236,NH,Lebanon / Lincoln / West Lebanon,Grafton,,,$ 141,$ 59,"October 1, 2021"
237,NH,Manchester,Hillsborough,October 1,February 28,$ 124,$ 64,"October 1, 2021"
237,NH,Manchester,Hillsborough,March 1,April 30,$ 111,$ 64,"October 1, 2021"
237,NH,Manchester,Hillsborough,May 1,September 30,$ 124,$ 64,"October 1, 2021"
238,NH,Portsmouth,Rockingham,October 1,October 31,$ 145,$ 64,"October 1, 2021"
238,NH,Portsmouth,Rockingham,November 1,June 30,$ 115,$ 64,"October 1, 2021"
238,NH,Portsmouth,Rockingham,July 1,August 31,$ 163,$ 64,"October 1, 2021"
238,NH,Portsmouth,Rockingham,September 1,September 30,$ 145,$ 64,"October 1, 2021"
241,NJ,Cherry Hill / Moorestown,Camden / Burlington,,,$ 99,$ 69,"October 1, 2021"
242,NJ,Eatontown / Freehold,Monmouth,,,$ 120,$ 69,"October 1, 2021"
243,NJ,Edison / Piscataway,Middlesex ,,,$ 116,$ 69,"October 1, 2021"
244,NJ,Flemington,Hunterdon,,,$ 126,$ 69,"October 1, 2021"
246,NJ,Newark,Essex / Bergen / Hudson / Passaic,,,$ 147,$ 69,"October 1, 2021"
247,NJ,Parsippany,Morris,,,$ 161,$ 69,"October 1, 2021"
249,NJ,Princeton / Trenton,Mercer,,,$ 137,$ 69,"October 1, 2021"
248,NJ,Somerset,Somerset,,,$ 153,$ 64,"October 1, 2021"
250,NJ,Springfield / Cranford / New Providence,Union,,,$ 126,$ 69,"October 1, 2021"
251,NJ,Toms River,Ocean,October 1,June 30,$ 120,$ 69,"October 1, 2021"
251,NJ,Toms River,Ocean,July 1,August 31,$ 165,$ 69,"October 1, 2021"
251,NJ,Toms River,Ocean,September 1,September 30,$ 120,$ 69,"October 1, 2021"
252,NM,Albuquerque,Bernalillo,,,$ 111,$ 69,"October 1, 2021"
479,NM,Carlsbad,Eddy,,,$ 212,$ 64,"October 1, 2021"
254,NM,Santa Fe,Santa Fe,October 1,December 31,$ 133,$ 69,"October 1, 2021"
254,NM,Santa Fe,Santa Fe,January 1,February 28,$ 104,$ 69,"October 1, 2021"
254,NM,Santa Fe,Santa Fe,March 1,September 30,$ 133,$ 69,"October 1, 2021"
423,NM,Taos,Taos,,,$ 103,$ 64,"October 1, 2021"
255,NV,Incline Village / Reno / Sparks,Washoe,October 1,June 30,$ 102,$ 69,"October 1, 2021"
255,NV,Incline Village / Reno / Sparks,Washoe,July 1,August 31,$ 126,$ 69,"October 1, 2021"
255,NV,Incline Village / Reno / Sparks,Washoe,September 1,September 30,$ 102,$ 69,"October 1, 2021"
256,NV,Las Vegas,Clark,,,$ 120,$ 69,"October 1, 2021"
258,NY,Albany,Albany,,,$ 114,$ 69,"October 1, 2021"
269,NY,Binghamton,Broome,,,$ 101,$ 64,"October 1, 2021"
260,NY,Buffalo,Erie,,,$ 106,$ 69,"October 1, 2021"
261,NY,Floral Park / Garden City / Great Neck,Nassau,,,$ 150,$ 74,"October 1, 2021"
262,NY,Glens Falls,Warren,October 1,June 30,$ 102,$ 69,"October 1, 2021"
262,NY,Glens Falls,Warren,July 1,August 31,$ 168,$ 69,"October 1, 2021"
262,NY,Glens Falls,Warren,September 1,September 30,$ 102,$ 69,"October 1, 2021"
277,NY,Ithaca,Tompkins,October 1,November 30,$ 134,$ 74,"October 1, 2021"
277,NY,Ithaca,Tompkins,December 1,January 31,$ 104,$ 74,"October 1, 2021"
277,NY,Ithaca,Tompkins,February 1,September 30,$ 134,$ 74,"October 1, 2021"
264,NY,Kingston,Ulster,,,$ 113,$ 69,"October 1, 2021"
265,NY,Lake Placid,Essex,October 1,February 28,$ 125,$ 79,"October 1, 2021"
265,NY,Lake Placid,Essex,March 1,June 30,$ 112,$ 79,"October 1, 2021"
265,NY,Lake Placid,Essex,July 1,August 31,$ 182,$ 79,"October 1, 2021"
265,NY,Lake Placid,Essex,September 1,September 30,$ 125,$ 79,"October 1, 2021"
266,NY,New York City,Bronx / Kings / New York / Queens / Richmond,October 1,December 31,$ 286,$ 79,"October 1, 2021"
266,NY,New York City,Bronx / Kings / New York / Queens / Richmond,January 1,February 28,$ 159,$ 79,"October 1, 2021"
266,NY,New York City,Bronx / Kings / New York / Queens / Richmond,March 1,June 30,$ 258,$ 79,"October 1, 2021"
266,NY,New York City,Bronx / Kings / New York / Queens / Richmond,July 1,August 31,$ 220,$ 79,"October 1, 2021"
266,NY,New York City,Bronx / Kings / New York / Queens / Richmond,September 1,September 30,$ 286,$ 79,"October 1, 2021"
267,NY,Niagara Falls,Niagara,October 1,May 31,$ 96,$ 69,"October 1, 2021"
267,NY,Niagara Falls,Niagara,June 1,August 31,$ 115,$ 69,"October 1, 2021"
267,NY,Niagara Falls,Niagara,September 1,September 30,$ 96,$ 69,"October 1, 2021"
268,NY,Nyack / Palisades,Rockland,,,$ 117,$ 69,"October 1, 2021"
270,NY,Poughkeepsie,Dutchess,,,$ 106,$ 69,"October 1, 2021"
271,NY,Riverhead / Ronkonkoma / Melville,Suffolk,,,$ 145,$ 69,"October 1, 2021"
272,NY,Rochester,Monroe,,,$ 114,$ 69,"October 1, 2021"
273,NY,Saratoga Springs / Schenectady,Saratoga / Schenectady,October 1,June 30,$ 116,$ 64,"October 1, 2021"
273,NY,Saratoga Springs / Schenectady,Saratoga / Schenectady,July 1,August 31,$ 180,$ 64,"October 1, 2021"
273,NY,Saratoga Springs / Schenectady,Saratoga / Schenectady,September 1,September 30,$ 116,$ 64,"October 1, 2021"
274,NY,Syracuse / Oswego,Onondaga / Oswego,,,$ 101,$ 64,"October 1, 2021"
275,NY,Tarrytown / White Plains / New Rochelle,Westchester,,,$ 142,$ 74,"October 1, 2021"
276,NY,Troy ,Rensselaer,,,$ 108,$ 64,"October 1, 2021"
278,NY,West Point,Orange,,,$ 110,$ 64,"October 1, 2021"
279,OH,Akron,Summit,,,$ 99,$ 64,"October 1, 2021"
281,OH,Canton,Stark,October 1,June 30,$ 96,$ 64,"October 1, 2021"
281,OH,Canton,Stark,July 1,August 31,$ 108,$ 64,"October 1, 2021"
281,OH,Canton,Stark,September 1,September 30,$ 96,$ 64,"October 1, 2021"
282,OH,Cincinnati,Hamilton / Clermont,,,$ 151,$ 74,"October 1, 2021"
283,OH,Cleveland,Cuyahoga,,,$ 137,$ 69,"October 1, 2021"
284,OH,Columbus,Franklin,,,$ 122,$ 64,"October 1, 2021"
285,OH,Dayton / Fairborn,Greene / Montgomery,,,$ 109,$ 64,"October 1, 2021"
287,OH,Hamilton,Butler / Warren,,,$ 117,$ 59,"October 1, 2021"
289,OH,Mentor,Lake,,,$ 105,$ 59,"October 1, 2021"
280,OH,Sandusky,Erie,October 1,February 28,$ 101,$ 64,"October 1, 2021"
280,OH,Sandusky,Erie,March 1,August 31,$ 119,$ 64,"October 1, 2021"
280,OH,Sandusky,Erie,September 1,September 30,$ 101,$ 64,"October 1, 2021"
291,OH,Wooster,Wayne,,,$ 101,$ 59,"October 1, 2021"
295,OK,Oklahoma City,Oklahoma,,,$ 104,$ 64,"October 1, 2021"
298,OR,Beaverton,Washington,,,$ 136,$ 64,"October 1, 2021"
299,OR,Bend,Deschutes,October 1,May 31,$ 115,$ 64,"October 1, 2021"
299,OR,Bend,Deschutes,June 1,August 31,$ 161,$ 64,"October 1, 2021"
299,OR,Bend,Deschutes,September 1,September 30,$ 115,$ 64,"October 1, 2021"
300,OR,Clackamas,Clackamas,October 1,May 31,$ 115,$ 64,"October 1, 2021"
300,OR,Clackamas,Clackamas,June 1,August 31,$ 138,$ 64,"October 1, 2021"
300,OR,Clackamas,Clackamas,September 1,September 30,$ 115,$ 64,"October 1, 2021"
302,OR,Eugene / Florence,Lane,,,$ 108,$ 64,"October 1, 2021"
304,OR,Lincoln City,Lincoln,October 1,June 30,$ 114,$ 69,"October 1, 2021"
304,OR,Lincoln City,Lincoln,July 1,August 31,$ 162,$ 69,"October 1, 2021"
304,OR,Lincoln City,Lincoln,September 1,September 30,$ 114,$ 69,"October 1, 2021"
305,OR,Portland,Multnomah,October 1,October 31,$ 182,$ 74,"October 1, 2021"
305,OR,Portland,Multnomah,November 1,May 31,$ 152,$ 74,"October 1, 2021"
305,OR,Portland,Multnomah,June 1,September 30,$ 182,$ 74,"October 1, 2021"
306,OR,Seaside,Clatsop,October 1,June 30,$ 110,$ 69,"October 1, 2021"
306,OR,Seaside,Clatsop,July 1,August 31,$ 182,$ 69,"October 1, 2021"
306,OR,Seaside,Clatsop,September 1,September 30,$ 110,$ 69,"October 1, 2021"
307,PA,Allentown / Easton / Bethlehem,Lehigh / Northampton,,,$ 109,$ 64,"October 1, 2021"
313,PA,Bucks,Bucks,October 1,May 31,$ 102,$ 64,"October 1, 2021"
313,PA,Bucks,Bucks,June 1,July 31,$ 116,$ 64,"October 1, 2021"
313,PA,Bucks,Bucks,August 1,September 30,$ 102,$ 64,"October 1, 2021"
309,PA,Chester / Radnor / Essington,Delaware,,,$ 119,$ 64,"October 1, 2021"
310,PA,Erie,Erie,,,$ 98,$ 59,"October 1, 2021"
311,PA,Gettysburg,Adams,October 1,October 31,$ 103,$ 64,"October 1, 2021"
311,PA,Gettysburg,Adams,November 1,March 31,$ 96,$ 64,"October 1, 2021"
311,PA,Gettysburg,Adams,April 1,September 30,$ 103,$ 64,"October 1, 2021"
312,PA,Harrisburg,Dauphin County excluding Hershey,,,$ 117,$ 64,"October 1, 2021"
489,PA,Hershey,Hershey,October 1,October 31,$ 128,$ 74,"October 1, 2021"
489,PA,Hershey,Hershey,November 1,May 31,$ 113,$ 74,"October 1, 2021"
489,PA,Hershey,Hershey,June 1,August 31,$ 175,$ 74,"October 1, 2021"
489,PA,Hershey,Hershey,September 1,September 30,$ 128,$ 74,"October 1, 2021"
314,PA,Lancaster,Lancaster,,,$ 107,$ 59,"October 1, 2021"
315,PA,Malvern / Frazer / Berwyn,Chester,,,$ 129,$ 64,"October 1, 2021"
435,PA,Montgomery,Montgomery,,,$ 126,$ 69,"October 1, 2021"
317,PA,Philadelphia,Philadelphia,October 1,November 30,$ 198,$ 79,"October 1, 2021"
317,PA,Philadelphia,Philadelphia,December 1,February 28,$ 149,$ 79,"October 1, 2021"
317,PA,Philadelphia,Philadelphia,March 1,June 30,$ 210,$ 79,"October 1, 2021"
317,PA,Philadelphia,Philadelphia,July 1,August 31,$ 166,$ 79,"October 1, 2021"
317,PA,Philadelphia,Philadelphia,September 1,September 30,$ 198,$ 79,"October 1, 2021"
318,PA,Pittsburgh,Allegheny,,,$ 124,$ 64,"October 1, 2021"
319,PA,Reading,Berks,,,$ 111,$ 59,"October 1, 2021"
321,PA,State College ,Centre,,,$ 100,$ 69,"October 1, 2021"
322,RI,East Greenwich / Warwick,Kent,,,$ 106,$ 69,"October 1, 2021"
323,RI,Jamestown / Middletown / Newport,Newport ,October 1,October 31,$ 179,$ 64,"October 1, 2021"
323,RI,Jamestown / Middletown / Newport,Newport ,November 1,May 31,$ 117,$ 64,"October 1, 2021"
323,RI,Jamestown / Middletown / Newport,Newport ,June 1,August 31,$ 220,$ 64,"October 1, 2021"
323,RI,Jamestown / Middletown / Newport,Newport ,September 1,September 30,$ 179,$ 64,"October 1, 2021"
325,RI,Providence / Bristol,Providence / Bristol,,,$ 155,$ 64,"October 1, 2021"
326,SC,Charleston,Charleston / Berkeley / Dorchester,October 1,November 30,$ 189,$ 79,"October 1, 2021"
326,SC,Charleston,Charleston / Berkeley / Dorchester,December 1,February 28,$ 162,$ 79,"October 1, 2021"
326,SC,Charleston,Charleston / Berkeley / Dorchester,March 1,May 31,$ 228,$ 79,"October 1, 2021"
326,SC,Charleston,Charleston / Berkeley / Dorchester,June 1,September 30,$ 189,$ 79,"October 1, 2021"
327,SC,Columbia,Richland / Lexington,,,$ 112,$ 64,"October 1, 2021"
329,SC,Hilton Head,Beaufort,October 1,March 31,$ 115,$ 69,"October 1, 2021"
329,SC,Hilton Head,Beaufort,April 1,May 31,$ 161,$ 69,"October 1, 2021"
329,SC,Hilton Head,Beaufort,June 1,August 31,$ 182,$ 69,"October 1, 2021"
329,SC,Hilton Head,Beaufort,September 1,September 30,$ 115,$ 69,"October 1, 2021"
330,SC,Myrtle Beach,Horry,October 1,March 31,$ 96,$ 69,"October 1, 2021"
330,SC,Myrtle Beach,Horry,April 1,May 31,$ 115,$ 69,"October 1, 2021"
330,SC,Myrtle Beach,Horry,June 1,August 31,$ 167,$ 69,"October 1, 2021"
330,SC,Myrtle Beach,Horry,September 1,September 30,$ 96,$ 69,"October 1, 2021"
334,SD,Deadwood / Spearfish ,Lawrence,October 1,May 31,$ 96,$ 74,"October 1, 2021"
334,SD,Deadwood / Spearfish ,Lawrence,June 1,September 30,$ 128,$ 74,"October 1, 2021"
332,SD,Hot Springs,Fall River / Custer,October 1,May 31,$ 96,$ 64,"October 1, 2021"
332,SD,Hot Springs,Fall River / Custer,June 1,September 30,$ 123,$ 64,"October 1, 2021"
333,SD,Rapid City,Pennington,October 1,May 31,$ 96,$ 64,"October 1, 2021"
333,SD,Rapid City,Pennington,June 1,August 31,$ 133,$ 64,"October 1, 2021"
333,SD,Rapid City,Pennington,September 1,September 30,$ 96,$ 64,"October 1, 2021"
335,TN,Brentwood / Franklin,Williamson,,,$ 125,$ 69,"October 1, 2021"
336,TN,Chattanooga ,Hamilton,,,$ 109,$ 64,"October 1, 2021"
338,TN,Knoxville,Knox,,,$ 102,$ 64,"October 1, 2021"
339,TN,Memphis,Shelby,,,$ 123,$ 69,"October 1, 2021"
340,TN,Nashville,Davidson,October 1,November 30,$ 234,$ 79,"October 1, 2021"
340,TN,Nashville,Davidson,December 1,January 31,$ 187,$ 79,"October 1, 2021"
340,TN,Nashville,Davidson,February 1,June 30,$ 230,$ 79,"October 1, 2021"
340,TN,Nashville,Davidson,July 1,August 31,$ 207,$ 79,"October 1, 2021"
340,TN,Nashville,Davidson,September 1,September 30,$ 234,$ 79,"October 1, 2021"
342,TX,Arlington / Fort Worth / Grapevine,Tarrant County / City of Grapevine,,,$ 167,$ 64,"October 1, 2021"
343,TX,Austin,Travis,October 1,October 31,$ 158,$ 64,"October 1, 2021"
343,TX,Austin,Travis,November 1,January 31,$ 140,$ 64,"October 1, 2021"
343,TX,Austin,Travis,February 1,June 30,$ 161,$ 64,"October 1, 2021"
343,TX,Austin,Travis,July 1,August 31,$ 131,$ 64,"October 1, 2021"
343,TX,Austin,Travis,September 1,September 30,$ 158,$ 64,"October 1, 2021"
486,TX,Big Spring,Howard,,,$ 136,$ 64,"October 1, 2021"
345,TX,Corpus Christi,Nueces,,,$ 103,$ 64,"October 1, 2021"
346,TX,Dallas,Dallas ,October 1,November 30,$ 161,$ 69,"October 1, 2021"
346,TX,Dallas,Dallas ,December 1,August 31,$ 154,$ 69,"October 1, 2021"
346,TX,Dallas,Dallas ,September 1,September 30,$ 161,$ 69,"October 1, 2021"
347,TX,El Paso,El Paso,,,$ 98,$ 64,"October 1, 2021"
348,TX,Galveston,Galveston,October 1,May 31,$ 99,$ 64,"October 1, 2021"
348,TX,Galveston,Galveston,June 1,July 31,$ 132,$ 64,"October 1, 2021"
348,TX,Galveston,Galveston,August 1,September 30,$ 99,$ 64,"October 1, 2021"
350,TX,Houston,Montgomery / Fort Bend / Harris,,,$ 122,$ 69,"October 1, 2021"
471,TX,Midland / Odessa,Midland / Andrews / Ector / Martin,,,$ 183,$ 64,"October 1, 2021"
492,TX,Pecos,Reeves,,,$ 134,$ 59,"October 1, 2021"
354,TX,Plano,Collin,,,$ 122,$ 64,"October 1, 2021"
355,TX,Round Rock ,Williamson,,,$ 102,$ 64,"October 1, 2021"
356,TX,San Antonio,Bexar,,,$ 124,$ 64,"October 1, 2021"
357,TX,South Padre Island,Cameron,October 1,February 28,$ 96,$ 59,"October 1, 2021"
357,TX,South Padre Island,Cameron,March 1,July 31,$ 105,$ 59,"October 1, 2021"
357,TX,South Padre Island,Cameron,August 1,September 30,$ 96,$ 59,"October 1, 2021"
358,TX,Waco,McLennan,October 1,February 28,$ 107,$ 64,"October 1, 2021"
358,TX,Waco,McLennan,March 1,April 30,$ 123,$ 64,"October 1, 2021"
358,TX,Waco,McLennan,May 1,September 30,$ 107,$ 64,"October 1, 2021"
474,UT,Moab,Grand,October 1,October 31,$ 167,$ 69,"October 1, 2021"
474,UT,Moab,Grand,November 1,February 28,$ 96,$ 69,"October 1, 2021"
474,UT,Moab,Grand,March 1,September 30,$ 167,$ 69,"October 1, 2021"
360,UT,Park City,Summit,October 1,November 30,$ 147,$ 79,"October 1, 2021"
360,UT,Park City,Summit,December 1,March 31,$ 279,$ 79,"October 1, 2021"
360,UT,Park City,Summit,April 1,September 30,$ 147,$ 79,"October 1, 2021"
361,UT,Provo,Utah,,,$ 98,$ 64,"October 1, 2021"
362,UT,Salt Lake City,Salt Lake / Tooele,,,$ 128,$ 64,"October 1, 2021"
459,VA,Blacksburg,Montgomery,October 1,October 31,$ 123,$ 59,"October 1, 2021"
459,VA,Blacksburg,Montgomery,November 1,June 30,$ 105,$ 59,"October 1, 2021"
459,VA,Blacksburg,Montgomery,July 1,September 30,$ 123,$ 59,"October 1, 2021"
363,VA,Charlottesville,City of Charlottesville / Albemarle,,,$ 126,$ 69,"October 1, 2021"
428,VA,Loudoun,Loudoun,,,$ 116,$ 69,"October 1, 2021"
365,VA,Lynchburg,Campbell / Lynchburg City,,,$ 104,$ 64,"October 1, 2021"
368,VA,Richmond,City of Richmond,,,$ 145,$ 64,"October 1, 2021"
369,VA,Roanoke,City limits of Roanoke,,,$ 122,$ 59,"October 1, 2021"
371,VA,Virginia Beach,City of Virginia Beach,October 1,May 31,$ 106,$ 64,"October 1, 2021"
371,VA,Virginia Beach,City of Virginia Beach,June 1,August 31,$ 186,$ 64,"October 1, 2021"
371,VA,Virginia Beach,City of Virginia Beach,September 1,September 30,$ 106,$ 64,"October 1, 2021"
372,VA,Wallops Island,Accomack,October 1,June 30,$ 112,$ 64,"October 1, 2021"
372,VA,Wallops Island,Accomack,July 1,August 31,$ 207,$ 64,"October 1, 2021"
372,VA,Wallops Island,Accomack,September 1,September 30,$ 112,$ 64,"October 1, 2021"
374,VA,Williamsburg / York,James City / York Counties / City of Williamsburg,October 1,December 31,$ 102,$ 64,"October 1, 2021"
374,VA,Williamsburg / York,James City / York Counties / City of Williamsburg,January 1,March 31,$ 96,$ 64,"October 1, 2021"
374,VA,Williamsburg / York,James City / York Counties / City of Williamsburg,April 1,August 31,$ 118,$ 64,"October 1, 2021"
374,VA,Williamsburg / York,James City / York Counties / City of Williamsburg,September 1,September 30,$ 102,$ 64,"October 1, 2021"
377,VT,Burlington,Chittenden,October 1,October 31,$ 146,$ 69,"October 1, 2021"
377,VT,Burlington,Chittenden,November 1,May 31,$ 111,$ 69,"October 1, 2021"
377,VT,Burlington,Chittenden,June 1,September 30,$ 146,$ 69,"October 1, 2021"
378,VT,Manchester,Bennington,October 1,October 31,$ 124,$ 79,"October 1, 2021"
378,VT,Manchester,Bennington,November 1,July 31,$ 107,$ 79,"October 1, 2021"
378,VT,Manchester,Bennington,August 1,September 30,$ 124,$ 79,"October 1, 2021"
379,VT,Montpelier,Washington,October 1,October 31,$ 149,$ 69,"October 1, 2021"
379,VT,Montpelier,Washington,November 1,July 31,$ 127,$ 69,"October 1, 2021"
379,VT,Montpelier,Washington,August 1,September 30,$ 149,$ 69,"October 1, 2021"
380,VT,Stowe ,Lamoille,October 1,November 30,$ 146,$ 79,"October 1, 2021"
380,VT,Stowe ,Lamoille,December 1,February 28,$ 154,$ 79,"October 1, 2021"
380,VT,Stowe ,Lamoille,March 1,September 30,$ 146,$ 79,"October 1, 2021"
381,VT,White River Junction,Windsor,October 1,October 31,$ 112,$ 64,"October 1, 2021"
381,VT,White River Junction,Windsor,November 1,May 31,$ 98,$ 64,"October 1, 2021"
381,VT,White River Junction,Windsor,June 1,September 30,$ 112,$ 64,"October 1, 2021"
384,WA,Everett / Lynnwood,Snohomish,October 1,May 31,$ 116,$ 74,"October 1, 2021"
384,WA,Everett / Lynnwood,Snohomish,June 1,August 31,$ 139,$ 74,"October 1, 2021"
384,WA,Everett / Lynnwood,Snohomish,September 1,September 30,$ 116,$ 74,"October 1, 2021"
385,WA,Ocean Shores,Grays Harbor,October 1,June 30,$ 111,$ 74,"October 1, 2021"
385,WA,Ocean Shores,Grays Harbor,July 1,August 31,$ 137,$ 74,"October 1, 2021"
385,WA,Ocean Shores,Grays Harbor,September 1,September 30,$ 111,$ 74,"October 1, 2021"
386,WA,Olympia / Tumwater,Thurston,October 1,October 31,$ 112,$ 74,"October 1, 2021"
386,WA,Olympia / Tumwater,Thurston,November 1,August 31,$ 133,$ 74,"October 1, 2021"
386,WA,Olympia / Tumwater,Thurston,September 1,September 30,$ 112,$ 74,"October 1, 2021"
387,WA,Port Angeles / Port Townsend,Clallam / Jefferson,October 1,June 30,$ 104,$ 74,"October 1, 2021"
387,WA,Port Angeles / Port Townsend,Clallam / Jefferson,July 1,August 31,$ 161,$ 74,"October 1, 2021"
387,WA,Port Angeles / Port Townsend,Clallam / Jefferson,September 1,September 30,$ 104,$ 74,"October 1, 2021"
475,WA,Richland / Pasco,Benton / Franklin,,,$ 105,$ 69,"October 1, 2021"
389,WA,Seattle,King,October 1,October 31,$ 232,$ 79,"October 1, 2021"
389,WA,Seattle,King,November 1,April 30,$ 176,$ 79,"October 1, 2021"
389,WA,Seattle,King,May 1,September 30,$ 232,$ 79,"October 1, 2021"
390,WA,Spokane,Spokane,,,$ 114,$ 74,"October 1, 2021"
391,WA,Tacoma,Pierce,,,$ 126,$ 69,"October 1, 2021"
392,WA,Vancouver,Clark / Cowlitz / Skamania,October 1,October 31,$ 182,$ 74,"October 1, 2021"
392,WA,Vancouver,Clark / Cowlitz / Skamania,November 1,May 31,$ 152,$ 74,"October 1, 2021"
392,WA,Vancouver,Clark / Cowlitz / Skamania,June 1,September 30,$ 182,$ 74,"October 1, 2021"
412,WI,Appleton,Outagamie,,,$ 103,$ 59,"October 1, 2021"
393,WI,Brookfield / Racine,Waukesha / Racine,,,$ 103,$ 64,"October 1, 2021"
396,WI,Madison,Dane,October 1,October 31,$ 131,$ 64,"October 1, 2021"
396,WI,Madison,Dane,November 1,March 31,$ 109,$ 64,"October 1, 2021"
396,WI,Madison,Dane,April 1,September 30,$ 131,$ 64,"October 1, 2021"
397,WI,Milwaukee,Milwaukee,October 1,May 31,$ 128,$ 64,"October 1, 2021"
397,WI,Milwaukee,Milwaukee,June 1,July 31,$ 149,$ 64,"October 1, 2021"
397,WI,Milwaukee,Milwaukee,August 1,September 30,$ 128,$ 64,"October 1, 2021"
400,WI,Sturgeon Bay,Door,October 1,October 31,$ 102,$ 74,"October 1, 2021"
400,WI,Sturgeon Bay,Door,November 1,May 31,$ 96,$ 74,"October 1, 2021"
400,WI,Sturgeon Bay,Door,June 1,September 30,$ 102,$ 74,"October 1, 2021"
401,WI,Wisconsin Dells,Columbia,October 1,May 31,$ 104,$ 59,"October 1, 2021"
401,WI,Wisconsin Dells,Columbia,June 1,August 31,$ 132,$ 59,"October 1, 2021"
401,WI,Wisconsin Dells,Columbia,September 1,September 30,$ 104,$ 59,"October 1, 2021"
403,WV,Charleston,Kanawha,,,$ 109,$ 64,"October 1, 2021"
405,WV,Morgantown,Monongalia,,,$ 99,$ 59,"October 1, 2021"
408,WY,Cody,Park,October 1,May 31,$ 131,$ 69,"October 1, 2021"
408,WY,Cody,Park,June 1,September 30,$ 210,$ 69,"October 1, 2021"
409,WY,Jackson / Pinedale,Teton / Sublette,October 1,May 31,$ 151,$ 79,"October 1, 2021"
409,WY,Jackson / Pinedale,Teton / Sublette,June 1,September 30,$ 298,$ 79,"October 1, 2021"
453,WY,Rock Springs,Sweetwater,,,$ 98,$ 69,"October 1, 2021"